chromosome	start	end	length	is_cluster_in_ovary	is_cluster_in_fc	passed	ref_genome	total_reads_ovary	total_reads_fc	total_reads_cluster_ovary	total_reads_cluster_fc	cpm_ovary	cpm_fc	ovary_fc_factor
JAECYD010000071.1	273704	323875	50171	TRUE	FALSE	TRUE	Dmoj_ref_GCA_018153725.1_ASM1815372v1_genomic	8326175.0	7695022.0	75861.0	40787.0	9.111.146.474.821.870	5.300.439.686.852.090	17.189.416.375.064.700
JAECYD010000071.1	705448	749611	44163	FALSE	TRUE	TRUE	Dmoj_ref_GCA_018153725.1_ASM1815372v1_genomic	8326175.0	7695022.0	65745.0	56022.0	7.896.182.821.043.270	7.280.291.076.490.740	10.845.971.319.115.700
JAECYD010000071.1	826773	865821	39048	FALSE	TRUE	TRUE	Dmoj_ref_GCA_018153725.1_ASM1815372v1_genomic	8326175.0	7695022.0	34537.0	55868.0	4.148.003.134.692.700	7.260.278.138.256.130	0.5713284058410771
JAECYD010000071.1	2291000	2326505	35505	TRUE	FALSE	TRUE	Dmoj_ref_GCA_018153725.1_ASM1815372v1_genomic	8326175.0	7695022.0	41647.0	14954.0	5.001.936.663.594.020	19.433.342.750.676.900	25.738.941.198.985.300
JAECYD010000107.1	2477701	2517739	40038	TRUE	FALSE	TRUE	Dmoj_ref_GCA_018153725.1_ASM1815372v1_genomic	8326175.0	7695022.0	76878.0	38546.0	923.329.139.731.029	5.009.212.449.295.140	18.432.620.877.578.300
JAECYD010000135.1	26087399	26142606	55207	FALSE	TRUE	TRUE	Dmoj_ref_GCA_018153725.1_ASM1815372v1_genomic	8326175.0	7695022.0	13395.0	80261.0	1.608.781.943.689.620	10.430.249.582.132.400	0.1542419412902214
JAECYD010000135.1	29131709	29167781	36072	TRUE	FALSE	TRUE	Dmoj_ref_GCA_018153725.1_ASM1815372v1_genomic	8326175.0	7695022.0	78129.0	26808.0	938.354.046.125.622	34.838.107.025.554.900	2.693.470.243.481.670
JAECYD010000135.1	29224101	29334208	110107	TRUE	FALSE	TRUE	Dmoj_ref_GCA_018153725.1_ASM1815372v1_genomic	8326175.0	7695022.0	293429.0	107200.0	352.417.526.655.397	13.931.084.277.601.800	2.529.720.728.357.150
JAECYD010000135.1	29450111	29505908	55797	TRUE	FALSE	TRUE	Dmoj_ref_GCA_018153725.1_ASM1815372v1_genomic	8326175.0	7695022.0	140032.0	74024.0	16.818.286.908.454.300	961.972.558.363.056	17.483.125.440.785.100
JAECYD010000135.1	29597724	29665366	67642	TRUE	FALSE	TRUE	Dmoj_ref_GCA_018153725.1_ASM1815372v1_genomic	8326175.0	7695022.0	185973.0	108642.0	223.359.465.781.106	14.118.478.153.798.600	15.820.364.160.212.900
JAECYD010000135.1	29714000	29849169	135169	TRUE	FALSE	TRUE	Dmoj_ref_GCA_018153725.1_ASM1815372v1_genomic	8326175.0	7695022.0	366867.0	175390.0	4.406.188.916.279.080	22.792.657.382.915.800	1.933.161.562.627.490
JAECYD010000135.1	30233277	30316115	82838	TRUE	FALSE	TRUE	Dmoj_ref_GCA_018153725.1_ASM1815372v1_genomic	8326175.0	7695022.0	211196.0	137995.0	25.365.308.800.259.400	1.793.302.215.380.280	14.144.469.673.161.300
JAECYD010000297.1	4108	45627	41519	FALSE	TRUE	TRUE	Dmoj_ref_GCA_018153725.1_ASM1815372v1_genomic	8326175.0	7695022.0	63937.0	93885.0	7.679.036.292.174.970	12.200.744.845.173.900	0.629390778155029
utg000002l	36419	88618	52199	FALSE	TRUE	TRUE	Dmoj_ref_d15	8319950.0	7700908.0	25788.0	35104.0	3.099.537.857.799.620	4.558.423.500.189.840	0.6799582920872836
utg000008l	322234	372907	50673	TRUE	FALSE	TRUE	Dmoj_ref_d15	8319950.0	7700908.0	64626.0	38185.0	7.767.594.757.180.030	495.850.619.173.739	1.566.519.120.238.980
utg000008l	755802	800025	44223	FALSE	TRUE	TRUE	Dmoj_ref_d15	8319950.0	7700908.0	63017.0	55670.0	7.574.204.171.900.070	7.229.017.669.085.250	10.477.501.257.592.700
utg000008l	849704	915227	65523	FALSE	TRUE	TRUE	Dmoj_ref_d15	8319950.0	7700908.0	47362.0	72314.0	5.692.582.287.153.160	9.390.321.245.234.970	0.6062180556433903
utg000008l	2369402	2417124	47722	TRUE	FALSE	TRUE	Dmoj_ref_d15	8319950.0	7700908.0	61652.0	26039.0	7.410.140.685.941.620	33.812.895.829.946.200	2.191.513.179.826.150
utg000010l	1544415	1584057	39642	TRUE	FALSE	TRUE	Dmoj_ref_d15	8319950.0	7700908.0	75763.0	41911.0	9.106.184.532.358.960	5.442.345.240.327.500	16.732.096.422.113.300
utg000014l	93402	175514	82112	TRUE	FALSE	TRUE	Dmoj_ref_d15	8319950.0	7700908.0	271860.0	179555.0	326.756.771.374.828	2.331.608.168.802.950	1.401.422.313.349.430
utg000014l	550662	702711	152049	TRUE	FALSE	TRUE	Dmoj_ref_d15	8319950.0	7700908.0	463612.0	227985.0	5.572.293.102.722.970	2.960.495.048.116.400	1.882.216.660.442.750
utg000014l	776813	816509	39696	TRUE	FALSE	TRUE	Dmoj_ref_d15	8319950.0	7700908.0	120760.0	64589.0	14.514.510.303.547.400	8.387.192.782.980.910	1.730.556.418.471.740
utg000014l	907103	962989	55886	TRUE	FALSE	TRUE	Dmoj_ref_d15	8319950.0	7700908.0	126993.0	68113.0	1.526.367.345.957.600	8.844.801.158.512.730	17.257.226.234.967.900
utg000014l	1078631	1189259	110628	TRUE	FALSE	TRUE	Dmoj_ref_d15	8319950.0	7700908.0	284173.0	100938.0	3.415.561.391.594.900	13.107.285.530.485.400	26.058.495.358.561.000
utg000014l	1246300	1282409	36109	TRUE	FALSE	TRUE	Dmoj_ref_d15	8319950.0	7700908.0	75047.0	22098.0	9.020.126.322.874.530	2.869.531.748.723.650	31.434.140.175.959.400
NW_025318636.1	2477701	2517739	40038	TRUE	FALSE	TRUE	Dmoj_ref_GCF_018153725.1_ASM1815372v1_genomic	8326175.0	7695022.0	76878.0	38546.0	923.329.139.731.029	5.009.212.449.295.140	18.432.620.877.578.300
NW_025318667.1	26087399	26142606	55207	FALSE	TRUE	TRUE	Dmoj_ref_GCF_018153725.1_ASM1815372v1_genomic	8326175.0	7695022.0	13395.0	80261.0	1.608.781.943.689.620	10.430.249.582.132.400	0.1542419412902214
NW_025318667.1	29131709	29167781	36072	TRUE	FALSE	TRUE	Dmoj_ref_GCF_018153725.1_ASM1815372v1_genomic	8326175.0	7695022.0	78129.0	26808.0	938.354.046.125.622	34.838.107.025.554.900	2.693.470.243.481.670
NW_025318667.1	29224101	29334208	110107	TRUE	FALSE	TRUE	Dmoj_ref_GCF_018153725.1_ASM1815372v1_genomic	8326175.0	7695022.0	293429.0	107200.0	352.417.526.655.397	13.931.084.277.601.800	2.529.720.728.357.150
NW_025318667.1	29450111	29505908	55797	TRUE	FALSE	TRUE	Dmoj_ref_GCF_018153725.1_ASM1815372v1_genomic	8326175.0	7695022.0	140032.0	74024.0	16.818.286.908.454.300	961.972.558.363.056	17.483.125.440.785.100
NW_025318667.1	29597724	29665366	67642	TRUE	FALSE	TRUE	Dmoj_ref_GCF_018153725.1_ASM1815372v1_genomic	8326175.0	7695022.0	185973.0	108642.0	223.359.465.781.106	14.118.478.153.798.600	15.820.364.160.212.900
NW_025318667.1	29714000	29849169	135169	TRUE	FALSE	TRUE	Dmoj_ref_GCF_018153725.1_ASM1815372v1_genomic	8326175.0	7695022.0	366867.0	175390.0	4.406.188.916.279.080	22.792.657.382.915.800	1.933.161.562.627.490
NW_025318667.1	30233277	30316115	82838	TRUE	FALSE	TRUE	Dmoj_ref_GCF_018153725.1_ASM1815372v1_genomic	8326175.0	7695022.0	211196.0	137995.0	25.365.308.800.259.400	1.793.302.215.380.280	14.144.469.673.161.300
NW_025318846.1	4108	45627	41519	FALSE	TRUE	TRUE	Dmoj_ref_GCF_018153725.1_ASM1815372v1_genomic	8326175.0	7695022.0	63937.0	93885.0	7.679.036.292.174.970	12.200.744.845.173.900	0.629390778155029
NW_025318897.1	273704	323875	50171	TRUE	FALSE	TRUE	Dmoj_ref_GCF_018153725.1_ASM1815372v1_genomic	8326175.0	7695022.0	75861.0	40787.0	9.111.146.474.821.870	5.300.439.686.852.090	17.189.416.375.064.700
NW_025318897.1	705448	749612	44164	FALSE	TRUE	TRUE	Dmoj_ref_GCF_018153725.1_ASM1815372v1_genomic	8326175.0	7695022.0	65745.0	56022.0	7.896.182.821.043.270	7.280.291.076.490.740	10.845.971.319.115.700
NW_025318897.1	826773	865821	39048	FALSE	TRUE	TRUE	Dmoj_ref_GCF_018153725.1_ASM1815372v1_genomic	8326175.0	7695022.0	34537.0	55868.0	4.148.003.134.692.700	7.260.278.138.256.130	0.5713284058410771
NW_025318897.1	2291000	2326505	35505	TRUE	FALSE	TRUE	Dmoj_ref_GCF_018153725.1_ASM1815372v1_genomic	8326175.0	7695022.0	41647.0	14954.0	5.001.936.663.594.020	19.433.342.750.676.900	25.738.941.198.985.300
scaffold_6473	13827956	13867252	39296	FALSE	TRUE	TRUE	Dmoj_ref_droMoj2	8362279.0	7729125.0	9638.0	65413.0	11.525.566.176.397.600	8.463.183.089.935.790	0.1361847670541775
scaffold_6482	22099	100389	78290	TRUE	FALSE	TRUE	Dmoj_ref_droMoj2	8362279.0	7729125.0	167378.0	57474.0	20.015.835.396.068.400	7.436.029.304.740.180	26.917.370.246.657.200
scaffold_6482	240503	283288	42785	TRUE	FALSE	TRUE	Dmoj_ref_droMoj2	8362279.0	7729125.0	117063.0	63157.0	13.998.934.979.328.000	8.171.300.114.825.410	17.131.833.101.967.800
scaffold_6482	367822	407752	39930	TRUE	FALSE	TRUE	Dmoj_ref_droMoj2	8362279.0	7729125.0	89431.0	50463.0	10.694.572.615.910.000	6.528.940.856.824.020	16.380.256.538.443.200
scaffold_6482	511706	636267	124561	FALSE	TRUE	TRUE	Dmoj_ref_droMoj2	8362279.0	7729125.0	298436.0	151430.0	3.568.835.720.501.550	19.592.127.181.278.600	18.215.662.278.426.700
scaffold_6482	1807125	1874921	67796	FALSE	TRUE	TRUE	Dmoj_ref_droMoj2	8362279.0	7729125.0	91016.0	63053.0	10.884.114.246.845.800	815.784.451.668.203	13.341.899.596.871.200
scaffold_6500	32256210	32294344	38134	TRUE	FALSE	TRUE	Dmoj_ref_droMoj2	8362279.0	7729125.0	24754.0	17240.0	29.601.978.121.036.100	2.230.524.153.769.020	1.327.131.027.521.770
scaffold_6541	662421	700756	38335	FALSE	TRUE	TRUE	Dmoj_ref_droMoj2	8362279.0	7729125.0	39119.0	35100.0	4.678.030.953.045.210	4.541.264.373.392.840	10.301.164.099.702.400
scaffold_6680	23349005	23422614	73609	FALSE	TRUE	TRUE	Dmoj_ref_droMoj2	8362279.0	7729125.0	47510.0	85456.0	5.681.465.543.065.470	11.056.361.489.819.300	0.5138639459551807
NW_001979113.1	32227205	32265517	38312	TRUE	FALSE	TRUE	Dmoj_ref_GCF_000005175.2_dmoj_caf1_genomic	8359785.0	7725415.0	24917.0	17670.0	29.805.790.459.922.100	22.872.557.655.478.700	13.031.245.088.055.400
NW_001979115.1	23338358	23406710	68352	FALSE	TRUE	TRUE	Dmoj_ref_GCF_000005175.2_dmoj_caf1_genomic	8359785.0	7725415.0	45851.0	82673.0	5.484.710.432.146.280	10.701.431.573.578.800	0.512521188818107
NW_001979116.1	13796014	13835467	39453	FALSE	TRUE	TRUE	Dmoj_ref_GCF_000005175.2_dmoj_caf1_genomic	8359785.0	7725415.0	9644.0	65587.0	11.536.181.851.566.700	8.489.770.452.461.120	0.1358833188266296
NW_001979121.1	22076	80004	57928	TRUE	FALSE	TRUE	Dmoj_ref_GCF_000005175.2_dmoj_caf1_genomic	8359785.0	7725415.0	145144.0	48817.0	173.621.690.031.502	6.319.013.282.781.570	27.476.076.131.157.500
NW_001979121.1	240478	276513	36035	TRUE	FALSE	TRUE	Dmoj_ref_GCF_000005175.2_dmoj_caf1_genomic	8359785.0	7725415.0	104216.0	54996.0	12.466.349.314.007.400	7.118.840.864.859.680	17.511.768.489.648.800
NW_001979121.1	367728	407523	39795	TRUE	FALSE	TRUE	Dmoj_ref_GCF_000005175.2_dmoj_caf1_genomic	8359785.0	7725415.0	89573.0	50567.0	1.071.474.924.295.300	6.545.538.330.303.290	16.369.546.250.073.700
NW_001979121.1	511376	635729	124353	FALSE	TRUE	TRUE	Dmoj_ref_GCF_000005175.2_dmoj_caf1_genomic	8359785.0	7725415.0	298366.0	151485.0	35.690.630.799.715.500	1.960.865.532.790.140	18.201.467.771.699.100
NW_001979121.1	1804541	1872705	68164	TRUE	FALSE	TRUE	Dmoj_ref_GCF_000005175.2_dmoj_caf1_genomic	8359785.0	7725415.0	91318.0	64150.0	10.923.486.668.616.400	8.303.761.027.724.720	1.315.486.636.976.300
NW_001979123.1	219130	261883	42753	TRUE	FALSE	TRUE	Dmoj_ref_GCF_000005175.2_dmoj_caf1_genomic	8359785.0	7725415.0	31130.0	21218.0	37.237.799.775.951.100	2.746.519.119.037.610	13.558.179.703.842.400
NW_001979123.1	660802	699243	38441	FALSE	TRUE	TRUE	Dmoj_ref_GCF_000005175.2_dmoj_caf1_genomic	8359785.0	7725415.0	39129.0	35146.0	4.680.622.767.212.310	4.549.399.611.541.900	1.028.844.060.068.380
JAECYH010000012.1	13321	83794	70473	FALSE	TRUE	TRUE	Dana_ref_GCA_018148915.1_ASM1814891v1_genomic	18918521.0	2089686.0	73902.0	30439.0	3.906.330.732.724.820	14.566.303.262.786.800	0.2681758482060781
JAECYH010000508.1	71454	179886	108432	FALSE	TRUE	TRUE	Dana_ref_GCA_018148915.1_ASM1814891v1_genomic	18918521.0	2089686.0	166253.0	61956.0	87.878.434.048.835	29.648.473.502.717.600	0.2964012094611883
JAECYH010000508.1	1237202	1284641	47439	TRUE	FALSE	TRUE	Dana_ref_GCA_018148915.1_ASM1814891v1_genomic	18918521.0	2089686.0	249146.0	10089.0	1.316.942.270.487.210	4.827.998.082.008.490	2.727.719.125.230.780
JAECYH010000950.1	602338	639125	36787	TRUE	FALSE	TRUE	Dana_ref_GCA_018148915.1_ASM1814891v1_genomic	18918521.0	2089686.0	536687.0	21390.0	28.368.338.095.773.900	1.023.598.760.770.750	27.714.314.615.243.300
JAECYH010000950.1	754820	813922	59102	TRUE	FALSE	TRUE	Dana_ref_GCA_018148915.1_ASM1814891v1_genomic	18918521.0	2089686.0	802657.0	32214.0	4.242.704.807.632.680	1.541.571.317.413.230	2.752.194.958.292.270
utg000014l	119538	229665	110127	FALSE	TRUE	TRUE	Dana_ref_d15	19518943.0	2121183.0	59952.0	24138.0	3.071.477.794.673.610	11.379.499.081.408.800	0.2699132688267115
utg000014l	288125	361478	73353	FALSE	TRUE	TRUE	Dana_ref_d15	19518943.0	2121183.0	84094.0	41106.0	4.308.327.556.466.550	1.937.880.890.050.500	0.2223215873889067
utg000093l	6112	75109	68997	FALSE	TRUE	TRUE	Dana_ref_d15	19518943.0	2121183.0	60335.0	24574.0	3.091.099.758.834.270	11.585.044.760.400.200	0.266818111001195
utg000114l	36492	139020	102528	FALSE	TRUE	TRUE	Dana_ref_d15	19518943.0	2121183.0	154661.0	59069.0	7.923.636.028.856.680	2.784.719.658.794.170	0.284539810096638
utg000170l	14006	73309	59303	TRUE	FALSE	TRUE	Dana_ref_d15	19518943.0	2121183.0	650710.0	26174.0	33.337.358.482.987.500	12.339.340.830.093.300	2.701.713.077.061.920
utg000170l	188701	225717	37016	TRUE	FALSE	TRUE	Dana_ref_d15	19518943.0	2121183.0	526939.0	21007.0	26.996.287.657.584.700	9.903.435.960.027.960	27.259.516.562.278.500
utg000182l	126	71694	71568	TRUE	FALSE	TRUE	Dana_ref_d15	19518943.0	2121183.0	411026.0	16318.0	21.057.800.107.311.100	76.928.770.407.833.700	2.737.311.411.020.130
scaffold_12948	37426	89472	52046	FALSE	TRUE	TRUE	Dana_ref_droAna2	19446212.0	2114632.0	29538.0	11104.0	15.189.590.651.382.300	5.251.031.858.025.410	0.2892686820813584
scaffold_12948	148026	258861	110835	TRUE	FALSE	TRUE	Dana_ref_droAna2	19446212.0	2114632.0	136002.0	51948.0	6.993.752.819.315.140	2.456.597.649.141.780	0.2846926447950647
scaffold_13079	418467	486518	68051	FALSE	TRUE	TRUE	Dana_ref_droAna2	19446212.0	2114632.0	44667.0	18476.0	22.969.512.005.731.500	8.737.217.634.084.790	0.2628927533649275
scaffold_13079	554854	711823	156969	FALSE	TRUE	TRUE	Dana_ref_droAna2	19446212.0	2114632.0	126697.0	56219.0	651.525.345.913.127	2.658.571.325.885.540	0.2450659644033098
scaffold_13248	4506804	4589324	82520	TRUE	FALSE	TRUE	Dana_ref_droAna2	19446212.0	2114632.0	439115.0	18017.0	22.581.004.465.034.100	8.520.158.590.241.700	2.650.303.304.318.360
scaffold_13248	4732943	4846636	113693	TRUE	FALSE	TRUE	Dana_ref_droAna2	19446212.0	2114632.0	1087723.0	41522.0	5.593.495.535.274.420	1.963.556.779.619.330	28.486.548.458.042.500
NW_022473271.1	130100	168968	38868	TRUE	FALSE	TRUE	Dana_ref_GCF_003285975.2_DanaRS2.1_genomic	19518718.0	2121154.0	209040.0	7173.0	1.070.971.976.745.600	33.816.498.000.616.600	3.167.010.305.816.030
NW_022473271.1	228726	321912	93186	TRUE	FALSE	TRUE	Dana_ref_GCF_003285975.2_DanaRS2.1_genomic	19518718.0	2121154.0	569122.0	21393.0	2.915.775.513.535.260	10.085.547.772.580.300	2.891.043.282.212.580
NW_022473271.1	369341	481098	111757	TRUE	FALSE	TRUE	Dana_ref_GCF_003285975.2_DanaRS2.1_genomic	19518718.0	2121154.0	896593.0	34940.0	4.593.503.528.254.260	1.647.216.562.305.230	278.864.578.791.375
NW_022473271.1	596402	633623	37221	TRUE	FALSE	TRUE	Dana_ref_GCF_003285975.2_DanaRS2.1_genomic	19518718.0	2121154.0	519822.0	20443.0	2.663.197.449.750.540	9.637.678.358.101.290	27.633.184.578.232.900
NW_022473273.1	2474512	2599825	125313	TRUE	FALSE	TRUE	Dana_ref_GCF_003285975.2_DanaRS2.1_genomic	19518718.0	2121154.0	282391.0	10817.0	1.446.770.223.331.260	5.099.582.585.705.700	28.370.365.593.972.500
NW_022473286.1	145130	281077	135947	FALSE	TRUE	TRUE	Dana_ref_GCF_003285975.2_DanaRS2.1_genomic	19518718.0	2121154.0	122884.0	55152.0	6.295.700.363.107.860	26.000.940.997.211.800	0.2421335583117148
NW_022473286.1	482847	585522	102675	TRUE	FALSE	TRUE	Dana_ref_GCF_003285975.2_DanaRS2.1_genomic	19518718.0	2121154.0	134915.0	51097.0	6.912.083.057.913.940	24.089.245.759.619.500	0.2869364664584301
NW_022473286.1	1640501	1688524	48023	TRUE	FALSE	TRUE	Dana_ref_GCF_003285975.2_DanaRS2.1_genomic	19518718.0	2121154.0	213371.0	8727.0	10.931.609.340.326.500	4.114.269.873.851.680	2.656.998.611.054.310
NC_057932.1	10166703	10202021	35318	FALSE	TRUE	TRUE	Dana_ref_GCF_017639315.1_ASM1763931v2_genomic	19538397.0	2126123.0	35404.0	17111.0	1.812.021.733.410.370	8.047.982.172.244.970	0.2251523045937501
NC_057932.1	10256852	10393918	137066	FALSE	TRUE	TRUE	Dana_ref_GCF_017639315.1_ASM1763931v2_genomic	19538397.0	2126123.0	126923.0	56065.0	6.496.080.512.643.890	26.369.593.856.987.500	0.2463473858518502
NC_057932.1	10595804	10698821	103017	TRUE	FALSE	TRUE	Dana_ref_GCF_017639315.1_ASM1763931v2_genomic	19538397.0	2126123.0	135038.0	51234.0	6.911.416.530.230.190	2.409.738.288.894.850	0.2868119148905533
NC_057932.1	11755103	11803114	48011	TRUE	FALSE	TRUE	Dana_ref_GCF_017639315.1_ASM1763931v2_genomic	19538397.0	2126123.0	213061.0	8614.0	10.904.732.870.357.700	4.051.505.957.087.140	26.915.258.143.166.600
NC_057932.1	12307205	12414390	107185	TRUE	FALSE	TRUE	Dana_ref_GCF_017639315.1_ASM1763931v2_genomic	19538397.0	2126123.0	630585.0	24030.0	3.227.414.203.939.040	1.130.226.238.086.880	28.555.470.534.837.600
NC_057932.1	12457505	12550698	93193	TRUE	FALSE	TRUE	Dana_ref_GCF_017639315.1_ASM1763931v2_genomic	19538397.0	2126123.0	578378.0	22046.0	296.021.214.022.829	1.036.910.846.644.330	2.854.837.664.981.670
NC_057932.1	12598428	12710126	111698	TRUE	FALSE	TRUE	Dana_ref_GCF_017639315.1_ASM1763931v2_genomic	19538397.0	2126123.0	904542.0	35348.0	46.295.609.614.238.000	16.625.566.818.100.300	278.460.338.349.702
NC_057932.1	12825423	12862505	37082	TRUE	FALSE	TRUE	Dana_ref_GCF_017639315.1_ASM1763931v2_genomic	19538397.0	2126123.0	507187.0	20075.0	25.958.475.508.507.600	9.442.068.967.787.840	27.492.359.563.424.500
NW_025319037.1	2483451	2533404	49953	TRUE	FALSE	TRUE	Dana_ref_GCF_017639315.1_ASM1763931v2_genomic	19538397.0	2126123.0	180609.0	6603.0	9.243.798.250.183.980	31.056.528.714.472.300	2.976.442.839.175.510
VCKU01000095.1	12831301	12937618	106317	TRUE	FALSE	TRUE	Dazt_ref_GCA_005876895.1_DaztRS1_genomic	43086033.0		1191100.0		2.764.468.940.549.710		
VCKU01000095.1	16780403	16841824	61421	TRUE	FALSE	TRUE	Dazt_ref_GCA_005876895.1_DaztRS1_genomic	43086033.0		274391.0		6.368.444.270.559.780		
VCKU01000095.1	17670206	17745824	75618	TRUE	FALSE	TRUE	Dazt_ref_GCA_005876895.1_DaztRS1_genomic	43086033.0		460286.0		10.682.951.479.891.400		
VCKU01000095.1	18097101	18150913	53812	TRUE	FALSE	TRUE	Dazt_ref_GCA_005876895.1_DaztRS1_genomic	43086033.0		240104.0		5.572.664.348.096.280		
VCKU01000095.1	18324807	18372916	48109	TRUE	FALSE	TRUE	Dazt_ref_GCA_005876895.1_DaztRS1_genomic	43086033.0		202866.0		4.708.393.552.964.130		
JAECYG010000066.1	407226	477627	70401	TRUE	FALSE	TRUE	Dbia_ref_GCA_018148935.1_ASM1814893v1_genomic	19787636.0	5868624.0	297427.0	13812.0	15.030.951.650.818.700	23.535.329.576.404.900	6.386.548.190.040.130
JAECYG010000066.1	1046904	1160747	113843	TRUE	FALSE	TRUE	Dbia_ref_GCA_018148935.1_ASM1814893v1_genomic	19787636.0	5868624.0	446276.0	32882.0	2.255.327.518.658.620	5.603.016.993.421.280	4.025.201.996.186.490
JAECYG010000274.1	24590300	24692219	101919	TRUE	FALSE	TRUE	Dbia_ref_GCA_018148935.1_ASM1814893v1_genomic	19787636.0	5868624.0	1263500.0	63629.0	6.385.300.396.671.940	10.842.234.908.898.500	5.889.284.312.989.120
JAECYG010000274.1	24738333	24969417	231084	TRUE	FALSE	TRUE	Dbia_ref_GCA_018148935.1_ASM1814893v1_genomic	19787636.0	5868624.0	1538373.0	679963.0	777.441.529.650.131	11.586.412.760.469.900	0.6709941599030345
JAECYG010000280.1	237083	272673	35590	FALSE	TRUE	TRUE	Dbia_ref_GCA_018148935.1_ASM1814893v1_genomic	19787636.0	5868624.0	82373.0	39096.0	4.162.851.995.053.880	6.661.868.267.587.080	0.6248775610451476
JAECYG010000282.1	1957004	1997524	40520	TRUE	FALSE	TRUE	Dbia_ref_GCA_018148935.1_ASM1814893v1_genomic	19787636.0	5868624.0	152461.0	13087.0	7.704.861.763.173.730	22.299.946.290.646.600	3.455.103.282.650.230
NW_025319364.1	24590300	24692219	101919	TRUE	FALSE	TRUE	Dbia_ref_GCF_018148935.1_ASM1814893v1_genomic	19787636.0	5868624.0	1263500.0	63629.0	6.385.300.396.671.940	10.842.234.908.898.500	5.889.284.312.989.120
NW_025319364.1	24738333	24969417	231084	TRUE	FALSE	TRUE	Dbia_ref_GCF_018148935.1_ASM1814893v1_genomic	19787636.0	5868624.0	1538373.0	679963.0	777.441.529.650.131	11.586.412.760.469.900	0.6709941599030345
NW_025319371.1	237083	272673	35590	FALSE	TRUE	TRUE	Dbia_ref_GCF_018148935.1_ASM1814893v1_genomic	19787636.0	5868624.0	82373.0	39096.0	4.162.851.995.053.880	6.661.868.267.587.080	0.6248775610451476
NW_025319373.1	1957004	1997524	40520	TRUE	FALSE	TRUE	Dbia_ref_GCF_018148935.1_ASM1814893v1_genomic	19787636.0	5868624.0	152461.0	13087.0	7.704.861.763.173.730	22.299.946.290.646.600	3.455.103.282.650.230
NW_025319416.1	407226	477627	70401	TRUE	FALSE	TRUE	Dbia_ref_GCF_018148935.1_ASM1814893v1_genomic	19787636.0	5868624.0	297427.0	13812.0	15.030.951.650.818.700	23.535.329.576.404.900	6.386.548.190.040.130
NW_025319416.1	1046904	1160747	113843	TRUE	FALSE	TRUE	Dbia_ref_GCF_018148935.1_ASM1814893v1_genomic	19787636.0	5868624.0	446276.0	32882.0	2.255.327.518.658.620	5.603.016.993.421.280	4.025.201.996.186.490
utg000064l	2012	51532	49520	TRUE	FALSE	TRUE	Dbia_ref_d15	18734704.0	5665726.0	164203.0	10874.0	8.764.643.412.567.390	19.192.597.735.930.000	4.566.679.056.769.520
utg000088l	891517	970631	79114	TRUE	FALSE	TRUE	Dbia_ref_d15	18734704.0	5665726.0	721092.0	364300.0	3.848.963.933.457.390	64.298.908.912.997.200	0.5986048594798747
utg000185l	414707	455614	40907	TRUE	FALSE	TRUE	Dbia_ref_d15	18734704.0	5665726.0	539851.0	24084.0	28.815.560.683.531.400	4.250.823.283.723.920	6.778.818.774.674.550
utg000370l	1826	60880	59054	TRUE	FALSE	TRUE	Dbia_ref_d15	18734704.0	5665726.0	198635.0	11977.0	1.060.251.605.789.980	2.113.939.149.192.880	5.015.525.665.413.750
utg000414l	20704	88725	68021	TRUE	FALSE	TRUE	Dbia_ref_d15	18734704.0	5665726.0	248689.0	11919.0	1.327.424.228.319.800	21.037.021.557.343.200	6.309.943.756.541.200
NW_016033959.1	1	53111	53110	TRUE	FALSE	TRUE	Dbia_ref_GCF_000233415.1_Dbia_2.0_genomic	19444157.0	5856166.0	559975.0	32953.0	28.799.140.019.287.000	5.627.060.435.103.780	5.117.972.403.428.760
NW_016034058.1	69509	124721	55212	TRUE	FALSE	TRUE	Dbia_ref_GCF_000233415.1_Dbia_2.0_genomic	19444157.0	5856166.0	230206.0	65508.0	11.839.340.733.568.400	11.186.158.315.867.400	10.583.920.233.610.900
JAECXK010000195.1	359016	425983	66967	TRUE	FALSE	TRUE	Dfic_ref_GCA_018152265.1_ASM1815226v1_genomic	11292598.0	12830333.0	323438.0	73189.0	2.864.159.336.939.110	5.704.372.598.902.920	5.020.989.227.614.540
JAECXK010000195.1	533805	725113	191308	TRUE	FALSE	TRUE	Dfic_ref_GCA_018152265.1_ASM1815226v1_genomic	11292598.0	12830333.0	334858.0	108946.0	2.965.287.527.281.140	8.491.283.897.308.040	34.921.545.000.058.400
JAECXK010000195.1	1301605	1345711	44106	TRUE	FALSE	TRUE	Dfic_ref_GCA_018152265.1_ASM1815226v1_genomic	11292598.0	12830333.0	176538.0	59400.0	15.633.072.212.435.000	4.629.653.805.555.940	3.376.725.964.622.700
JAECXK010000195.1	1386603	1802386	415783	TRUE	FALSE	TRUE	Dfic_ref_GCA_018152265.1_ASM1815226v1_genomic	11292598.0	12830333.0	1326039.0	406530.0	1.174.255.029.710.610	3.168.507.006.014.570	37.060.199.882.203.100
JAECXK010000310.1	18201	71420	53219	TRUE	FALSE	TRUE	Dfic_ref_GCA_018152265.1_ASM1815226v1_genomic	11292598.0	12830333.0	279856.0	51056.0	24.782.251.170.191.300	397.931.994.438.492	6.227.760.400.407.280
JAECXK010000624.1	474849	526908	52059	TRUE	FALSE	TRUE	Dfic_ref_GCA_018152265.1_ASM1815226v1_genomic	11292598.0	12830333.0	36259.0	47194.0	3.210.864.320.150.240	36.783.145.067.240.200	0.8729172870565376
JAECXK010000624.1	586943	641000	54057	FALSE	TRUE	TRUE	Dfic_ref_GCA_018152265.1_ASM1815226v1_genomic	11292598.0	12830333.0	33546.0	72169.0	29.706.184.529.016.200	5.624.873.493.150.950	0.5281218246985919
JAECXK010000624.1	691620	1040218	348598	FALSE	TRUE	TRUE	Dfic_ref_GCA_018152265.1_ASM1815226v1_genomic	11292598.0	12830333.0	908019.0	2843719.0	8.040.833.473.395.580	2.216.403.112.842.040	0.3627875013713098
JAECXK010000624.1	1926103	1968679	42576	TRUE	FALSE	TRUE	Dfic_ref_GCA_018152265.1_ASM1815226v1_genomic	11292598.0	12830333.0	35102.0	20541.0	31.084.078.260.821.800	16.009.716.973.051.200	194.157.575.134.806
JAECXK010000653.1	888452	967931	79479	TRUE	FALSE	TRUE	Dfic_ref_GCA_018152265.1_ASM1815226v1_genomic	11292598.0	12830333.0	221504.0	60451.0	19.614.972.568.756.900	4.711.569.060.600.370	4.163.150.813.766.810
NW_016072601.1	9	47418	47409	TRUE	FALSE	TRUE	Dfic_ref_GCF_000220665.1_Dfic_2.0_genomic	11081154.0	12530688.0	210486.0	55505.0	1.899.495.305.272.350	4.429.525.338.113.910	4.288.259.260.937.330
NW_016073229.1	9010	115006	105996	FALSE	TRUE	TRUE	Dfic_ref_GCF_000220665.1_Dfic_2.0_genomic	11081154.0	12530688.0	160273.0	447503.0	14.463.565.798.291.400	3.571.256.422.632.180	0.4049993639950135
NW_016073254.1	1	121400	121399	FALSE	TRUE	TRUE	Dfic_ref_GCF_000220665.1_Dfic_2.0_genomic	11081154.0	12530688.0	424062.0	1413771.0	382.687.579.290.027	11.282.469.087.092.400	0.3391877933242788
JAEIGX010000043.1	396028	554421	158393	FALSE	TRUE	TRUE	Dper_ref_GCA_018904465.1_ASM1890446v1_genomic	44165397.0	7816336.0	984747.0	380522.0	2.229.679.946.044.630	4.868.291.230.059.710	0.4580005264018048
JAEIGX010000298.1	6610801	6654615	43814	TRUE	FALSE	TRUE	Dper_ref_GCA_018904465.1_ASM1890446v1_genomic	44165397.0	7816336.0	722195.0	94488.0	1.635.205.498.096.160	1.208.852.843.582.970	13.526.919.399.465.500
JAEIGX010000674.1	1	37000	36999	TRUE	FALSE	TRUE	Dper_ref_GCA_018904465.1_ASM1890446v1_genomic	44165397.0	7816336.0	598927.0	87373.0	13.561.001.161.157.900	11.178.255.387.178.800	12.131.590.030.329.700
JAEIGX010000880.1	1	85406	85405	TRUE	FALSE	TRUE	Dper_ref_GCA_018904465.1_ASM1890446v1_genomic	44165397.0	7816336.0	2072306.0	269403.0	4.692.148.470.894.530	34.466.660.593.915.100	13.613.585.969.865.900
JAEIGX010000907.1	32256	79320	47064	TRUE	FALSE	TRUE	Dper_ref_GCA_018904465.1_ASM1890446v1_genomic	44165397.0	7816336.0	1520649.0	146086.0	34.430.778.466.680.600	18.689.831.143.389.900	18.422.198.789.558.200
JAEIGX010001057.1	9520901	9570196	49295	FALSE	TRUE	TRUE	Dper_ref_GCA_018904465.1_ASM1890446v1_genomic	44165397.0	7816336.0	681929.0	84474.0	1.544.034.575.303.370	10.807.365.497.082.000	14.286.872.926.804.000
JAEIGX010001064.1	788603	833721	45118	TRUE	FALSE	TRUE	Dper_ref_GCA_018904465.1_ASM1890446v1_genomic	44165397.0	7816336.0	300666.0	32272.0	6.807.727.778.378.170	4.128.788.731.702.420	16.488.438.185.528.400
NW_020825288.1	9941608	10007902	66294	FALSE	TRUE	TRUE	Dper_ref_GCF_003286085.1_DperRS2_genomic	44693742.0	7897852.0	623738.0	84972.0	13.955.824.061.453.600	10.758.874.691.498.300	12.971.453.299.369.100
NW_020825308.1	175612	267118	91506	TRUE	FALSE	TRUE	Dper_ref_GCF_003286085.1_DperRS2_genomic	44693742.0	7897852.0	909072.0	106568.0	20.340.028.812.087.300	13.493.289.061.380.200	15.074.181.483.522.400
NW_020825317.1	2179259	2263187	83928	FALSE	TRUE	TRUE	Dper_ref_GCF_003286085.1_DperRS2_genomic	44693742.0	7897852.0	562175.0	219293.0	12.578.382.897.543.000	2.776.615.717.792.630	0.453011297780257
NW_020825326.1	1333402	1388019	54617	TRUE	FALSE	TRUE	Dper_ref_GCF_003286085.1_DperRS2_genomic	44693742.0	7897852.0	474311.0	41303.0	10.612.470.085.856.700	5.229.649.783.257.520	202.928.886.745.573
NW_020825326.1	2658633	2775083	116450	TRUE	FALSE	TRUE	Dper_ref_GCF_003286085.1_DperRS2_genomic	44693742.0	7897852.0	2441206.0	222086.0	5.462.075.652.560.030	2.811.979.763.611.670	1.942.430.640.234.980
NW_020825338.1	3440	94706	91266	TRUE	FALSE	TRUE	Dper_ref_GCF_003286085.1_DperRS2_genomic	44693742.0	7897852.0	606398.0	87871.0	13.567.850.282.037.200	11.125.936.520.461.500	12.194.793.900.796.400
NW_020825338.1	579801	619014	39213	TRUE	FALSE	TRUE	Dper_ref_GCF_003286085.1_DperRS2_genomic	44693742.0	7897852.0	153005.0	23356.0	34.234.099.261.592.300	2.957.259.771.391.000	11.576.290.859.794.700
NW_020825338.1	1101518	1189019	87501	TRUE	FALSE	TRUE	Dper_ref_GCF_003286085.1_DperRS2_genomic	44693742.0	7897852.0	619275.0	70138.0	1.385.596.668.097.290	8.880.642.483.551.220	1.560.243.721.851.990
NW_020825350.1	145022	209911	64889	TRUE	FALSE	TRUE	Dper_ref_GCF_003286085.1_DperRS2_genomic	44693742.0	7897852.0	392798.0	37565.0	8.788.657.705.143.590	4.756.356.538.461.340	18.477.710.058.268.000
NW_020825350.1	1269406	1318324	48918	FALSE	TRUE	TRUE	Dper_ref_GCF_003286085.1_DperRS2_genomic	44693742.0	7897852.0	241069.0	33178.0	5.393.797.637.262.050	4.200.889.051.858.650	12.839.657.440.787.600
NW_020825415.1	224937	271121	46184	TRUE	FALSE	TRUE	Dper_ref_GCF_003286085.1_DperRS2_genomic	44693742.0	7897852.0	80528.0	9665.0	18.017.735.010.865.700	122.375.045.771.939	14.723.373.460.014.000
utg000004l	5474206	5522170	47964	TRUE	FALSE	TRUE	Dper_ref_d15	44307293.0	7832928.0	561947.0	71236.0	12.682.945.897.868.300	909.442.803.508.471	13.945.842.277.205.000
utg000021l	475101	586323	111222	TRUE	FALSE	TRUE	Dper_ref_d15	44307293.0	7832928.0	2221725.0	291682.0	501.435.508.596.745	37.237.926.864.641.100	1.346.572.032.378.300
utg000119l	96602	150119	53517	TRUE	FALSE	TRUE	Dper_ref_d15	44307293.0	7832928.0	384010.0	57511.0	86.669.704.691.731	7.342.209.707.532.100	1.180.430.798.684.750
utg000136l	415403	539203	123800	FALSE	TRUE	TRUE	Dper_ref_d15	44307293.0	7832928.0	788243.0	298369.0	1.779.036.692.672.690	3.809.163.061.373.720	0.4670413589569741
utg000141l	91600	141018	49418	TRUE	FALSE	TRUE	Dper_ref_d15	44307293.0	7832928.0	945333.0	87195.0	213.358.329.067.858	1.113.185.260.990.520	1.916.647.089.613.890
utg000160l	84400	186114	101714	TRUE	FALSE	TRUE	Dper_ref_d15	44307293.0	7832928.0	1018785.0	128404.0	229.936.186.803.378	1.639.284.824.270.050	14.026.615.960.759.800
utg000176l	42702	91209	48507	TRUE	FALSE	TRUE	Dper_ref_d15	44307293.0	7832928.0	142801.0	24497.0	32.229.682.819.936.600	31.274.384.240.478.100	10.305.457.198.489.600
utg000176l	176566	237818	61252	FALSE	TRUE	TRUE	Dper_ref_d15	44307293.0	7832928.0	288733.0	46315.0	6.516.602.131.391.770	5.912.859.150.499.020	1.102.106.775.339.270
utg000188l	897112	950318	53206	FALSE	TRUE	TRUE	Dper_ref_d15	44307293.0	7832928.0	721886.0	91877.0	16.292.712.804.639.100	11.729.585.667.071.100	13.890.271.376.233.000
utg000292l	26216	73309	47093	TRUE	FALSE	TRUE	Dper_ref_d15	44307293.0	7832928.0	377095.0	46966.0	851.090.135.432.106	5.995.969.834.013.530	14.194.369.868.308.800
super_0	3265914	3320708	54794	TRUE	FALSE	TRUE	Dper_ref_droPer1	43973890.0	7825688.0	377128.0	53474.0	8.576.180.092.322.960	6.833.137.227.039.970	12.550.867.643.028.500
super_186	10824	56132	45308	TRUE	FALSE	TRUE	Dper_ref_droPer1	43973890.0	7825688.0	319755.0	43116.0	7.271.474.049.714.500	5.509.547.531.156.360	13.197.951.390.008.800
super_26	781421	836320	54899	TRUE	FALSE	TRUE	Dper_ref_droPer1	43973890.0	7825688.0	456516.0	40958.0	10.381.524.127.158.100	5.233.789.029.156.280	19.835.580.053.618.800
super_28	11907	69617	57710	TRUE	FALSE	TRUE	Dper_ref_droPer1	43973890.0	7825688.0	254510.0	32385.0	5.787.752.686.878.500	4.138.294.294.380.250	13.985.841.206.939.200
JAEIGW010000169.1	7	58121	58114	TRUE	FALSE	TRUE	Dpse_ref_GCA_018904455.1_ASM1890445v1_genomic	26867347.0	71419652.0	623800.0	638679.0	2.321.777.434.891.500	8.942.622.683.179.690	2.596.304.816.995.760
JAEIGW010000244.1	19603	82801	63198	FALSE	TRUE	TRUE	Dpse_ref_GCA_018904455.1_ASM1890445v1_genomic	26867347.0	71419652.0	330582.0	651719.0	1.230.422.936.808.750	912.520.548.265.903	13.483.783.342.161.200
JAEIGW010000257.1	12	46700	46688	FALSE	TRUE	TRUE	Dpse_ref_GCA_018904455.1_ASM1890445v1_genomic	26867347.0	71419652.0	403994.0	703377.0	15.036.616.752.670.000	984.850.780.286.636	15.267.913.732.366.300
JAEIGW010000310.1	1115706	1170622	54916	TRUE	FALSE	TRUE	Dpse_ref_GCA_018904455.1_ASM1890445v1_genomic	26867347.0	71419652.0	328407.0	510197.0	12.223.276.083.046.000	7.143.650.041.868.020	1.711.068.712.969.840
JAEIGW010000379.1	4	68124	68120	TRUE	FALSE	TRUE	Dpse_ref_GCA_018904455.1_ASM1890445v1_genomic	26867347.0	71419652.0	1720867.0	1900456.0	6.405.049.966.414.620	2.660.970.680.730.840	24.070.351.517.948.500
JAEIGW010000398.1	1417	62921	61504	TRUE	FALSE	TRUE	Dpse_ref_GCA_018904455.1_ASM1890445v1_genomic	26867347.0	71419652.0	384784.0	589829.0	1.432.162.245.122.300	8.258.637.272.553.490	17.341.386.936.582.200
JAEIGW010000487.1	351801	394275	42474	TRUE	FALSE	TRUE	Dpse_ref_GCA_018904455.1_ASM1890445v1_genomic	26867347.0	71419652.0	980928.0	1033606.0	3.651.004.321.342.180	14.472.291.183.944.700	25.227.548.803.001.800
JAEIGW010000520.1	386706	436317	49611	FALSE	TRUE	TRUE	Dpse_ref_GCA_018904455.1_ASM1890445v1_genomic	26867347.0	71419652.0	524558.0	2373371.0	19.523.996.917.150.000	3.323.134.366.434.600	0.5875175290639044
JAEIGW010000541.1	1501	55619	54118	TRUE	FALSE	TRUE	Dpse_ref_GCA_018904455.1_ASM1890445v1_genomic	26867347.0	71419652.0	162456.0	401549.0	6.046.596.264.231.070	5.622.388.078.844.180	10.754.498.230.001.400
utg000003l	1	50699	50698	TRUE	FALSE	TRUE	Dpse_ref_d15	27135816.0	72166051.0	176082.0	297212.0	64.889.148.717.694.700	41.184.462.206.474.300	15.755.735.352.905.400
utg000003l	442534	574468	131934	FALSE	TRUE	TRUE	Dpse_ref_d15	27135816.0	72166051.0	738713.0	3371100.0	2.722.280.398.717.320	4.671.310.059.629.000	0.5827659401682979
utg000017l	9449	56918	47469	TRUE	FALSE	TRUE	Dpse_ref_d15	27135816.0	72166051.0	319056.0	538641.0	11.757.744.819.614.000	7.463.911.251.011.910	15.752.792.904.685.100
utg000040l	337305	410393	73088	TRUE	FALSE	TRUE	Dpse_ref_d15	27135816.0	72166051.0	1425082.0	1561465.0	52.516.644.423.001.600	216.371.129.965.252	2.427.155.805.464.230
utg000104l	2224	199492	197268	TRUE	FALSE	TRUE	Dpse_ref_d15	27135816.0	72166051.0	2127277.0	2290379.0	7.839.369.930.869.220	31.737.624.108.044.900	2.470.055.699.248.790
utg000132l	22907	132406	109499	TRUE	FALSE	TRUE	Dpse_ref_d15	27135816.0	72166051.0	559756.0	899132.0	2.062.794.057.860.650	12.459.210.217.834.900	16.556.378.950.150.600
utg000134l	6	45326	45320	TRUE	FALSE	TRUE	Dpse_ref_d15	27135816.0	72166051.0	130928.0	202782.0	482.491.479.158.025	28.099.362.122.502.700	1.717.090.505.665.360
utg000144l	649531	711607	62076	TRUE	FALSE	TRUE	Dpse_ref_d15	27135816.0	72166051.0	330276.0	653229.0	12.171.220.500.610.700	9.051.749.277.510.000	13.446.263.398.889.400
utg000261l	12107	53916	41809	TRUE	FALSE	TRUE	Dpse_ref_d15	27135816.0	72166051.0	425248.0	375217.0	15.671.096.826.423.000	5.199.356.134.922.770	30.140.456.663.786.100
NC_046683.1	18048001	18128221	80220	TRUE	FALSE	TRUE	Dpse_ref_GCF_009870125.1_UCI_Dpse_MV25_genomic	27264902.0	72932788.0	1264807.0	1512020.0	4.638.956.707.051.430	2.073.169.066.291.550	2.237.616.209.154.370
NC_046683.1	18632901	18678535	45634	FALSE	TRUE	TRUE	Dpse_ref_GCF_009870125.1_UCI_Dpse_MV25_genomic	27264902.0	72932788.0	298196.0	494197.0	1.093.699.144.783.280	6.776.060.720.454.010	16.140.633.767.963.000
NC_046683.1	18890314	18969725	79411	TRUE	FALSE	TRUE	Dpse_ref_GCF_009870125.1_UCI_Dpse_MV25_genomic	27264902.0	72932788.0	379288.0	648034.0	13.911.218.166.124.300	888.535.894.171.494	15.656.337.867.020.700
NC_046683.1	19151904	19201721	49817	FALSE	TRUE	TRUE	Dpse_ref_GCF_009870125.1_UCI_Dpse_MV25_genomic	27264902.0	72932788.0	269127.0	508629.0	987.082.220.211.171	69.739.415.419.029.300	14.153.864.271.449.400
NC_046683.1	20312275	20705713	393438	TRUE	FALSE	TRUE	Dpse_ref_GCF_009870125.1_UCI_Dpse_MV25_genomic	27264902.0	72932788.0	4007145.0	4377299.0	1.469.708.198.474.360	6.001.825.955.152.020	2.448.768.440.565.570
NC_046683.1	37458119	37563294	105175	FALSE	TRUE	TRUE	Dpse_ref_GCF_009870125.1_UCI_Dpse_MV25_genomic	27264902.0	72932788.0	284176.0	537769.0	10.422.777.239.397.300	7.373.487.490.975.930	14.135.478.295.926.200
NC_046683.1	37980601	38172113	191512	FALSE	TRUE	TRUE	Dpse_ref_GCF_009870125.1_UCI_Dpse_MV25_genomic	27264902.0	72932788.0	862710.0	3986738.0	31.641.778.870.138.600	546.631.783.773.301	0.5788499646273969
chrU	1781234	1828424	47190	TRUE	FALSE	TRUE	Dpse_ref_dp3	24166584.0	64888599.0	985386.0	1076242.0	4.077.473.258.115.420	16.585.995.330.242.800	2.458.383.218.449.700
chrU	4991406	5032025	40619	TRUE	FALSE	TRUE	Dpse_ref_dp3	24166584.0	64888599.0	650349.0	1873778.0	2.691.108.515.791.880	28.876.844.759.739.600	0.9319260944824042
chrU	11472419	11533374	60955	TRUE	FALSE	TRUE	Dpse_ref_dp3	24166584.0	64888599.0	513491.0	725498.0	21.247.976.131.008.000	11.180.669.812.273.100	19.004.206.803.141.400
chrU	13231688	13274526	42838	TRUE	FALSE	TRUE	Dpse_ref_dp3	24166584.0	64888599.0	227302.0	1069059.0	9.405.632.173.748.670	1.647.529.791.789.770	0.5708929951142793
JAEIGU010000044.1	21041405	21121821	80416	FALSE	TRUE	TRUE	Dsim_ref_GCA_018904415.1_ASM1890441v1_genomic	22839198.0	19722536.0	452878.0	710059.0	19.828.979.984.323.400	3.600.241.875.588.410	0.5507679947498709
JAEIGU010000051.1	25208	150026	124818	FALSE	TRUE	TRUE	Dsim_ref_GCA_018904415.1_ASM1890441v1_genomic	22839198.0	19722536.0	341492.0	568807.0	14.952.013.639.007.800	28.840.459.462.211.100	0.5184388153940135
JAEIGU010000051.1	190511	258017	67506	FALSE	TRUE	TRUE	Dsim_ref_GCA_018904415.1_ASM1890441v1_genomic	22839198.0	19722536.0	358199.0	480867.0	1.568.351.918.486.800	24.381.600.824.559.200	0.6432522334247324
chrU	11926266	11988665	62399	FALSE	TRUE	TRUE	Dsim_ref_droSim1	25840564.0	19829588.0	155102.0	223836.0	6.002.268.371.541.730	112.879.803.655.023	0.5317397955337996
NC_052520.2	23090574	23129328	38754	FALSE	TRUE	TRUE	Dsim_ref_GCF_016746395.2_Prin_Dsim_3.1_genomic	22932272.0	19940983.0	189726.0	148429.0	8.273.318.928.015.500	7.443.414.399.380.410	11.114.951.397.444.900
NC_052525.2	21073304	21125827	52523	FALSE	TRUE	TRUE	Dsim_ref_GCF_016746395.2_Prin_Dsim_3.1_genomic	22932272.0	19940983.0	350210.0	778902.0	1.527.149.163.414.770	3.906.036.126.704.480	0.3909715921401946
NC_052525.2	21172900	21253516	80616	FALSE	TRUE	TRUE	Dsim_ref_GCF_016746395.2_Prin_Dsim_3.1_genomic	22932272.0	19940983.0	331422.0	516730.0	14.452.209.532.487.600	2.591.296.527.357.750	0.5577211785647717
NW_025416856.1	19714	213302	193588	FALSE	TRUE	TRUE	Dsim_ref_GCF_016746395.2_Prin_Dsim_3.1_genomic	22932272.0	19940983.0	1076727.0	1390862.0	46.952.478.149.570.100	697.489.185.964.403	0.6731642453301984
utg000010l	4001	235891	231890	FALSE	TRUE	TRUE	Dsim_ref_d15	28134424.0	19442494.0	1396471.0	1891829.0	49.635.670.522.346.500	9.730.382.326.464.900	0.5101101771442875
JAEIGG010000166.1	2837518	2876326	38808	TRUE	FALSE	TRUE	Dsub_ref_GCA_018903505.1_ASM1890350v1_genomic	34186965.0		424164.0		12.407.185.019.202.400		
NC_048530.1	786668	854823	68155	TRUE	FALSE	TRUE	Dsub_ref_GCF_008121235.1_UCBerk_Dsub_1.0_genomic	34150138.0		417486.0		12.225.016.484.560.000		
NC_048530.1	1748402	1783879	35477	TRUE	FALSE	TRUE	Dsub_ref_GCF_008121235.1_UCBerk_Dsub_1.0_genomic	34150138.0		140098.0		4.102.413.876.043.480		
WWNF01000019.1	98958	435817	336859	TRUE	FALSE	TRUE	Dsuz_ref_GCA_013340165.1_LBDM_Dsuz_2.1.pri_genomic	25332017.0		637911.0		2.518.200.583.869.810		
WWNF01000019.1	482401	611399	128998	TRUE	FALSE	TRUE	Dsuz_ref_GCA_013340165.1_LBDM_Dsuz_2.1.pri_genomic	25332017.0		299995.0		1.184.252.323.847.720		
WWNF01000019.1	668101	782026	113925	TRUE	FALSE	TRUE	Dsuz_ref_GCA_013340165.1_LBDM_Dsuz_2.1.pri_genomic	25332017.0		292500.0		11.546.652.601.725.300		
WWNF01000019.1	823728	862216	38488	TRUE	FALSE	TRUE	Dsuz_ref_GCA_013340165.1_LBDM_Dsuz_2.1.pri_genomic	25332017.0		91209.0		3.600.542.349.233.380		
WWNF01000034.1	674715	742469	67754	TRUE	FALSE	TRUE	Dsuz_ref_GCA_013340165.1_LBDM_Dsuz_2.1.pri_genomic	25332017.0		420149.0		1.658.569.074.858.900		
WWNF01000034.1	906911	1101826	194915	TRUE	FALSE	TRUE	Dsuz_ref_GCA_013340165.1_LBDM_Dsuz_2.1.pri_genomic	25332017.0		228400.0		9.016.257.963.193.370		
NW_016019954.1	247880	293903	46023	TRUE	FALSE	TRUE	Dsuz_ref_GCF_000472105.1_Dsuzukii.v01_genomic	24840997.0		22678.0		9.129.263.209.524.150		
NW_016021027.1	3	69925	69922	TRUE	FALSE	TRUE	Dsuz_ref_GCF_000472105.1_Dsuzukii.v01_genomic	24840997.0		284652.0		1.145.896.036.298.380		
NW_016024591.1	553703	612611	58908	TRUE	FALSE	TRUE	Dsuz_ref_GCF_000472105.1_Dsuzukii.v01_genomic	24840997.0		364482.0		1.467.259.949.349.050		
NW_016025083.1	2086	41688	39602	TRUE	FALSE	TRUE	Dsuz_ref_GCF_000472105.1_Dsuzukii.v01_genomic	24840997.0		93819.0		37.767.807.789.679.200		
JAECXN010000001.1	466501	530383	63882	TRUE	FALSE	TRUE	Dtak_ref_GCA_018152695.1_ASM1815269v1_genomic	115896532.0	68312043.0	780943.0	172333.0	6.738.277.552.601.830	25.227.323.387.180.700	26.710.235.759.794.700
JAECXN010000001.1	3068802	3219167	150365	TRUE	FALSE	TRUE	Dtak_ref_GCA_018152695.1_ASM1815269v1_genomic	115896532.0	68312043.0	7231559.0	4872183.0	62.396.681.550.402.200	7.132.246.066.773.320	0.8748531804179733
JAECXN010000103.1	236293	347146	110853	TRUE	FALSE	TRUE	Dtak_ref_GCA_018152695.1_ASM1815269v1_genomic	115896532.0	68312043.0	1572763.0	417704.0	13.570.406.058.396.900	6.114.646.578.495.680	2.219.327.950.387.530
NW_025323455.1	466501	530383	63882	TRUE	FALSE	TRUE	Dtak_ref_GCF_018152695.1_ASM1815269v1_genomic	115896532.0	68312043.0	780943.0	172333.0	6.738.277.552.601.830	25.227.323.387.180.700	26.710.235.759.794.700
NW_025323455.1	3068802	3219167	150365	TRUE	FALSE	TRUE	Dtak_ref_GCF_018152695.1_ASM1815269v1_genomic	115896532.0	68312043.0	7231559.0	4872183.0	62.396.681.550.402.200	7.132.246.066.773.320	0.8748531804179733
NW_025323460.1	236293	347146	110853	TRUE	FALSE	TRUE	Dtak_ref_GCF_018152695.1_ASM1815269v1_genomic	115896532.0	68312043.0	1572763.0	417704.0	13.570.406.058.396.900	6.114.646.578.495.680	2.219.327.950.387.530
NW_016039649.1	5102	62831	57729	TRUE	FALSE	TRUE	Dtak_ref_GCF_000224235.1_Dtak_2.0_genomic	119758486.0	71413247.0	2247714.0	1571299.0	1.876.872.424.723.200	2.200.290.654.757.650	0.8530111331722806
JAEIGZ010000011.1	1718351	1761912	43561	TRUE	FALSE	TRUE	Dere_ref_GCA_018904525.1_ASM1890452v1_genomic	26125200.0	21994071.0	92467.0	126156.0	35.393.796.028.355.700	5.735.909.463.964.170	0.6170563927258115
JAEIGZ010000026.1	523611	574510	50899	TRUE	FALSE	TRUE	Dere_ref_GCA_018904525.1_ASM1890452v1_genomic	26125200.0	21994071.0	69860.0	59803.0	26.740.465.144.764.400	2.719.050.966.053.530	0.9834484707572771
JAEIGZ010000295.1	26307	66715	40408	TRUE	FALSE	TRUE	Dere_ref_GCA_018904525.1_ASM1890452v1_genomic	26125200.0	21994071.0	578295.0	202316.0	22.135.524.321.344.900	9.198.660.857.282.850	24.063.855.233.688.200
JAEIGZ010000432.1	11626303	11810424	184121	TRUE	FALSE	TRUE	Dere_ref_GCA_018904525.1_ASM1890452v1_genomic	26125200.0	21994071.0	4383455.0	6209830.0	16.778.646.670.647.400	28.234.109.092.400.400	0.5942686774970244
JAEIGZ010000496.1	74910	120822	45912	FALSE	TRUE	TRUE	Dere_ref_GCA_018904525.1_ASM1890452v1_genomic	26125200.0	21994071.0	100246.0	99941.0	3.837.138.088.895.010	4.543.997.334.554.380	0.8444410958861852
JAEIGZ010000496.1	807703	853175	45472	FALSE	TRUE	TRUE	Dere_ref_GCA_018904525.1_ASM1890452v1_genomic	26125200.0	21994071.0	82607.0	58974.0	3.161.966.224.182.010	26.813.589.898.841.300	11.792.401.674.341.400
JAEIGZ010000497.1	28886502	28922612	36110	FALSE	TRUE	TRUE	Dere_ref_GCA_018904525.1_ASM1890452v1_genomic	26125200.0	21994071.0	135626.0	143105.0	5.191.386.094.651.900	6.506.526.236.093.350	0.797873689627803
JAEIGZ010000497.1	29019200	29062353	43153	TRUE	FALSE	TRUE	Dere_ref_GCA_018904525.1_ASM1890452v1_genomic	26125200.0	21994071.0	163884.0	180528.0	6.273.023.747.186.620	820.803.024.596.947	0.7642544629105107
JAEIGZ010000497.1	29149210	29203015	53805	TRUE	FALSE	TRUE	Dere_ref_GCA_018904525.1_ASM1890452v1_genomic	26125200.0	21994071.0	260655.0	97263.0	9.977.148.500.298.560	4.422.237.247.483.650	2.256.131.442.512.670
JAEIGZ010000499.1	624401	713623	89222	FALSE	TRUE	TRUE	Dere_ref_GCA_018904525.1_ASM1890452v1_genomic	26125200.0	21994071.0	6339430.0	1524155.0	2.426.557.500.038.270	6.929.844.865.918.630	35.016.043.605.423.500
NW_020825198.1	25011503	25060321	48818	FALSE	TRUE	TRUE	Dere_ref_GCF_003286155.1_DereRS2_genomic	26381081.0	22063604.0	51079.0	76142.0	1.936.198.141.387.760	34.510.227.794.153.600	0.5610505247710277
NW_020825209.1	15530138	15800707	270569	TRUE	FALSE	TRUE	Dere_ref_GCF_003286155.1_DereRS2_genomic	26381081.0	22063604.0	8182354.0	5927719.0	3.101.599.210.434.170	2.686.650.376.792.470	11.544.483.931.463.700
NW_020825220.1	358061	402019	43958	FALSE	TRUE	TRUE	Dere_ref_GCF_003286155.1_DereRS2_genomic	26381081.0	22063604.0	65662.0	43407.0	24.889.806.448.795.600	19.673.576.447.438.000	12.651.388.788.049.600
NW_020825220.1	631021	666908	35887	FALSE	TRUE	TRUE	Dere_ref_GCF_003286155.1_DereRS2_genomic	26381081.0	22063604.0	112423.0	122465.0	426.150.088.390.995	555.054.378.242.104	0.7677627726145357
NW_020825225.1	2319	53913	51594	TRUE	FALSE	TRUE	Dere_ref_GCF_003286155.1_DereRS2_genomic	26381081.0	22063604.0	238415.0	70433.0	9.037.347.635.602.950	31.922.708.547.524.600	2.831.009.036.137.600
NW_020825233.1	393948	442720	48772	FALSE	TRUE	TRUE	Dere_ref_GCF_003286155.1_DereRS2_genomic	26381081.0	22063604.0	61000.0	51944.0	23.122.630.949.050.100	23.542.844.586.949.600	0.9821511102302242
NW_020825272.1	4600	43736	39136	FALSE	TRUE	TRUE	Dere_ref_GCF_003286155.1_DereRS2_genomic	26381081.0	22063604.0	573488.0	149078.0	21.738.608.815.916.200	675.673.838.236.038	32.173.228.539.776.700
utg000002l	415809	451821	36012	FALSE	TRUE	TRUE	Dere_ref_d15	26141543.0	21964021.0	130658.0	143351.0	4.998.098.237.736.000	6.526.628.252.631.880	0.7658009686273316
utg000005l	2670908	2941003	270095	TRUE	FALSE	TRUE	Dere_ref_d15	26141543.0	21964021.0	9287079.0	7074456.0	3.552.613.172.068.680	3.220.929.355.330.700	1.102.977.675.120.080
utg000008l	16070529	16114601	44072	FALSE	TRUE	TRUE	Dere_ref_d15	26141543.0	21964021.0	78794.0	101774.0	3.014.129.655.621.320	4.633.668.853.257.780	0.6504844759249858
utg000008l	17080404	17129113	48709	FALSE	TRUE	TRUE	Dere_ref_d15	26141543.0	21964021.0	72153.0	102350.0	27.600.895.631.906.600	46.598.935.595.627.000	0.5923074267493953
utg000011l	3103	49922	46819	TRUE	FALSE	TRUE	Dere_ref_d15	26141543.0	21964021.0	205721.0	66873.0	7.869.504.871.996.270	3.044.661.084.598.300	2.584.689.938.661.760
scaffold_4690	17967743	18219194	251451	TRUE	FALSE	TRUE	Dere_ref_droEre1	26295605.0	22018484.0	7797390.0	5582517.0	2.965.282.601.408.100	2.535.377.549.153.700	116.956.253.809.138
scaffold_4784	23678710	23723117	44407	FALSE	TRUE	TRUE	Dere_ref_droEre1	26295605.0	22018484.0	46338.0	66051.0	17.621.956.216.637.700	2.999.797.806.243.150	0.5874381326622431
scaffold_4784	24652703	24691109	38406	FALSE	TRUE	TRUE	Dere_ref_droEre1	26295605.0	22018484.0	42000.0	65240.0	15.972.250.876.144.500	2.962.965.116.036.140	0.5390630753531176
scaffold_4929	22133444	22176508	43064	FALSE	TRUE	TRUE	Dere_ref_droEre1	26295605.0	22018484.0	59504.0	61881.0	226.288.765.746.215	28.104.114.706.534.700	0.8051801955305801
scaffold_4929	25922000	25966421	44421	TRUE	FALSE	TRUE	Dere_ref_droEre1	26295605.0	22018484.0	343343.0	157647.0	13.057.048.887.066.800	7.159.757.229.425.960	18.236.720.141.017.500
JAEIGS010000001.1	2700212	2772503	72291	FALSE	TRUE	TRUE	Dmel_ref_GCA_018904365.1_ASM1890436v1_genomic	11069060.0	32117407.0	215286.0	427982.0	1.944.934.800.245.000	13.325.546.486.364.800	14.595.534.991.642.700
JAEIGS010000021.1	21647801	21965415	317614	FALSE	TRUE	TRUE	Dmel_ref_GCA_018904365.1_ASM1890436v1_genomic	11069060.0	32117407.0	278139.0	2395482.0	25.127.607.945.028.700	7.458.516.187.187.830	0.3368982156020885
JAEIGS010000081.1	40602	113018	72416	FALSE	TRUE	TRUE	Dmel_ref_GCA_018904365.1_ASM1890436v1_genomic	11069060.0	32117407.0	32217.0	372195.0	29.105.452.495.514.500	11.588.575.628.163.200	0.2511564270658138
JAEIGS010000113.1	3	122825	122822	TRUE	FALSE	TRUE	Dmel_ref_GCA_018904365.1_ASM1890436v1_genomic	11069060.0	32117407.0	134717.0	579238.0	1.217.059.081.800.980	1.803.501.758.407.830	0.6748311035057868
JAEIGS010000190.1	2224749	2274318	49569	TRUE	FALSE	TRUE	Dmel_ref_GCA_018904365.1_ASM1890436v1_genomic	11069060.0	32117407.0	94134.0	266236.0	8.504.245.166.256.210	8.289.461.225.808.170	10.259.104.825.509.400
JAEIGS010000290.1	160300	204518	44218	FALSE	TRUE	TRUE	Dmel_ref_GCA_018904365.1_ASM1890436v1_genomic	11069060.0	32117407.0	27717.0	54978.0	2.504.006.663.619.130	17.117.820.252.425.700	1.462.806.961.805.950
chr2L	20104155	20153724	49569	FALSE	TRUE	TRUE	Dmel_ref_dm6	11042015.0	32039124.0	108936.0	304992.0	986.559.065.532.876	95.193.613.907.796	10.363.710.600.255.700
chr2R	6297725	6342195	44470	FALSE	TRUE	TRUE	Dmel_ref_dm6	11042015.0	32039124.0	161358.0	215681.0	1.461.309.371.523.220	6.731.800.782.068.820	2.170.755.521.190.760
chr2R	6424401	6492019	67618	FALSE	TRUE	TRUE	Dmel_ref_dm6	11042015.0	32039124.0	186773.0	370806.0	1.691.475.695.332.780	1.157.353.740.383.160	14.615.027.681.794.000
chrX	21633301	21822818	189517	FALSE	TRUE	TRUE	Dmel_ref_dm6	11042015.0	32039124.0	226127.0	1695377.0	2.047.878.036.753.250	5.291.583.502.719.980	0.3870066560795275
chrX	21941300	22120724	179424	FALSE	TRUE	TRUE	Dmel_ref_dm6	11042015.0	32039124.0	79448.0	819093.0	7.195.063.582.145.100	25.565.399.353.615.200	0.2814375587341501
chrX	23387316	23439723	52407	FALSE	TRUE	TRUE	Dmel_ref_dm6	11042015.0	32039124.0	49762.0	221818.0	4.506.604.999.178.130	6.923.347.841.844.860	0.6509285828367775
JAECYC010000030.1	463329	513208	49879	FALSE	TRUE	TRUE	Dvir_ref_GCA_018153695.1_ASM1815369v1_genomic	29391122.0	5247178.0	115978.0	20074.0	3.946.021.523.098.020	3.825.675.439.255.150	10.314.574.735.242.800
JAECYC010000036.1	6748729	6793008	44279	TRUE	FALSE	TRUE	Dvir_ref_GCA_018153695.1_ASM1815369v1_genomic	29391122.0	5247178.0	194428.0	29527.0	6.615.194.887.762.360	5.627.215.238.362.410	11.755.716.828.929.100
JAECYC010000099.1	423346	461581	38235	TRUE	FALSE	TRUE	Dvir_ref_GCA_018153695.1_ASM1815369v1_genomic	29391122.0	5247178.0	225415.0	32228.0	7.669.492.848.894.980	6.141.968.120.768.910	12.487.028.096.028.000
JAECYC010000112.1	234701	271765	37064	TRUE	FALSE	TRUE	Dvir_ref_GCA_018153695.1_ASM1815369v1_genomic	29391122.0	5247178.0	182075.0	21579.0	6.194.897.901.481.950	4.112.496.278.952.220	1.506.359.515.311.280
JAECYC010000118.1	224301	280319	56018	TRUE	FALSE	TRUE	Dvir_ref_GCA_018153695.1_ASM1815369v1_genomic	29391122.0	5247178.0	402582.0	31245.0	13.697.401.548.671.700	5.954.629.326.468.430	23.002.945.771.597.400
JAECYC010000139.1	3510	40706	37196	FALSE	TRUE	TRUE	Dvir_ref_GCA_018153695.1_ASM1815369v1_genomic	29391122.0	5247178.0	206859.0	65937.0	7.038.145.736.661.560	12.566.183.194.090.200	0.5600861954624016
JAECYC010000154.1	21341	80365	59024	FALSE	TRUE	TRUE	Dvir_ref_GCA_018153695.1_ASM1815369v1_genomic	29391122.0	5247178.0	147960.0	66201.0	5.034.173.244.560.040	12.616.495.952.681.600	0.3990151673999496
JAECYC010000173.1	5818	79545	73727	TRUE	FALSE	TRUE	Dvir_ref_GCA_018153695.1_ASM1815369v1_genomic	29391122.0	5247178.0	517960.0	52100.0	17.623.008.743.932.900	9.929.146.676.556.420	17.748.764.640.109.900
JAECYC010000290.1	1240621	1359382	118761	FALSE	TRUE	TRUE	Dvir_ref_GCA_018153695.1_ASM1815369v1_genomic	29391122.0	5247178.0	1211613.0	303651.0	4.122.377.498.892.350	578.693.918.902.694	0.7123588764694658
JAECYC010000407.1	157611	262223	104612	TRUE	FALSE	TRUE	Dvir_ref_GCA_018153695.1_ASM1815369v1_genomic	29391122.0	5247178.0	785615.0	75208.0	26.729.670.272.540.100	143.330.376.823.504	1.864.899.183.615.120
JAECYC010000407.1	326306	383622	57316	TRUE	FALSE	TRUE	Dvir_ref_GCA_018153695.1_ASM1815369v1_genomic	29391122.0	5247178.0	267002.0	31673.0	9.084.443.935.144.760	6.036.196.980.548.400	15.049.946.124.056.700
JAECYC010000415.1	16111621	16155421	43800	TRUE	FALSE	TRUE	Dvir_ref_GCA_018153695.1_ASM1815369v1_genomic	29391122.0	5247178.0	276646.0	95847.0	9.412.570.231.241.930	1.826.639.004.813.630	0.5152944947763375
JAECYC010000415.1	16293778	16417816	124038	TRUE	FALSE	TRUE	Dvir_ref_GCA_018153695.1_ASM1815369v1_genomic	29391122.0	5247178.0	1410064.0	118547.0	47.975.847.944.831.700	2.259.252.497.247.090	21.235.274.943.057.700
JAECYC010000416.1	24616	61193	36577	FALSE	TRUE	TRUE	Dvir_ref_GCA_018153695.1_ASM1815369v1_genomic	29391122.0	5247178.0	554011.0	50840.0	18.849.603.632.008.300	9.689.017.601.461.200	194.546.076.881.578
JAECYC010000416.1	195731	258308	62577	TRUE	FALSE	TRUE	Dvir_ref_GCA_018153695.1_ASM1815369v1_genomic	29391122.0	5247178.0	230080.0	33244.0	7.828.214.247.826.260	6.335.596.009.893.310	12.355.923.950.331.000
utg000017l	204901	248118	43217	TRUE	FALSE	TRUE	Dvir_ref_d15	29302865.0	5095149.0	204741.0	24616.0	6.987.064.234.162.760	483.126.204.945.135	14.462.192.616.846.800
utg000017l	300229	350307	50078	TRUE	FALSE	TRUE	Dvir_ref_d15	29302865.0	5095149.0	319549.0	23972.0	10.905.042.902.801.400	4.704.867.315.950.910	2.317.821.560.202.150
utg000017l	541128	637200	96072	TRUE	FALSE	TRUE	Dvir_ref_d15	29302865.0	5095149.0	404831.0	44411.0	13.815.406.787.015.500	8.716.329.983.676.630	15.850.027.262.492.400
utg000051l	33301	155679	122378	FALSE	TRUE	TRUE	Dvir_ref_d15	29302865.0	5095149.0	1397975.0	351436.0	47.707.792.395.043.900	6.897.462.664.978.000	0.691671629297556
utg000077l	289751	421691	131940	FALSE	TRUE	TRUE	Dvir_ref_d15	29302865.0	5095149.0	274572.0	95558.0	9.370.141.793.302.460	187.547.017.761.404	0.4996156113355581
utg000078l	10	159415	159405	TRUE	FALSE	TRUE	Dvir_ref_d15	29302865.0	5095149.0	834358.0	102273.0	28.473.598.059.438.800	200.726.220.175.308	14.185.290.807.833.100
utg000078l	506804	616912	110108	TRUE	FALSE	TRUE	Dvir_ref_d15	29302865.0	5095149.0	827733.0	80059.0	2.824.751.095.157.410	15.712.788.772.222.300	17.977.401.313.706.400
utg000078l	667426	732612	65186	FALSE	TRUE	TRUE	Dvir_ref_d15	29302865.0	5095149.0	300836.0	37954.0	1.026.643.640.476.790	7.449.046.141.732.060	13.782.216.151.477.200
utg000101l	33092	170047	136955	FALSE	TRUE	TRUE	Dvir_ref_d15	29302865.0	5095149.0	1485259.0	123437.0	5.068.647.724.377.800	2.422.637.689.300.150	2.092.202.126.122.300
utg000101l	308303	351692	43389	TRUE	FALSE	TRUE	Dvir_ref_d15	29302865.0	5095149.0	223193.0	73551.0	7.616.763.753.305.350	14.435.495.409.457.100	0.5276413131145736
utg000114l	91049	128622	37573	FALSE	TRUE	TRUE	Dvir_ref_d15	29302865.0	5095149.0	236194.0	23441.0	8.060.440.506.414.640	4.600.650.540.347.290	17.520.219.011.909.900
utg000119l	8934	52617	43683	FALSE	TRUE	TRUE	Dvir_ref_d15	29302865.0	5095149.0	134866.0	44935.0	4.602.485.115.363.290	881.917.290.348.133	0.5218726478926932
NW_022587423.1	417	76707	76290	TRUE	FALSE	TRUE	Dvir_ref_GCF_003285735.1_DvirRS2_genomic	29552504.0	5294243.0	302115.0	27612.0	10.222.991.594.891.500	5.215.476.509.106.210	19.601.260.933.765.600
NW_022587489.1	823	42127	41304	TRUE	FALSE	TRUE	Dvir_ref_GCF_003285735.1_DvirRS2_genomic	29552504.0	5294243.0	150840.0	15187.0	51.041.360.150.057	2.868.587.633.775.020	17.793.202.323.363.200
NW_022587497.1	2	42518	42516	TRUE	FALSE	TRUE	Dvir_ref_GCF_003285735.1_DvirRS2_genomic	29552504.0	5294243.0	158600.0	39524.0	5.366.719.517.236.170	746.546.767.875.974	0.7188725138419941
NW_022587537.1	13	44716	44703	FALSE	TRUE	TRUE	Dvir_ref_GCF_003285735.1_DvirRS2_genomic	29552504.0	5294243.0	187600.0	47032.0	63.480.238.425.820.000	888.361.187.803.431	0.7145769006723692
NW_022587549.1	23002	74944	51942	TRUE	FALSE	TRUE	Dvir_ref_GCF_003285735.1_DvirRS2_genomic	29552504.0	5294243.0	198658.0	63387.0	6.722.205.333.260.420	11.972.816.510.311.200	0.5614556380673744
NW_022587553.1	1818305	1879320	61015	FALSE	TRUE	TRUE	Dvir_ref_GCF_003285735.1_DvirRS2_genomic	29552504.0	5294243.0	139523.0	64223.0	4.721.190.461.559.530	12.130.723.882.526.700	0.3891928055802179
NW_022587555.1	452603	504988	52385	TRUE	FALSE	TRUE	Dvir_ref_GCF_003285735.1_DvirRS2_genomic	29552504.0	5294243.0	221888.0	25530.0	7.508.263.935.942.610	4.822.219.153.899.810	15.570.142.493.151.800
NW_022587555.1	557801	672710	114909	TRUE	FALSE	TRUE	Dvir_ref_GCF_003285735.1_DvirRS2_genomic	29552504.0	5294243.0	820898.0	80803.0	27.777.612.347.163.500	15.262.427.508.521.900	18.199.996.253.317.800
NW_022587555.1	1019219	1080233	61014	TRUE	FALSE	TRUE	Dvir_ref_GCF_003285735.1_DvirRS2_genomic	29552504.0	5294243.0	214050.0	27685.0	724.304.106.345.777	5.229.265.071.512.580	13.850.973.252.275.100
NW_022587555.1	1224800	1465849	241049	TRUE	FALSE	TRUE	Dvir_ref_GCF_003285735.1_DvirRS2_genomic	29552504.0	5294243.0	2210078.0	186418.0	7.478.479.657.764.360	3.521.145.515.987.830	2.123.876.909.888.600
NW_022587555.1	1604103	1648122	44019	TRUE	FALSE	TRUE	Dvir_ref_GCF_003285735.1_DvirRS2_genomic	29552504.0	5294243.0	155706.0	49616.0	5.268.792.113.182.690	9.371.689.210.336.580	0.5622030345790205
NW_022587559.1	973613	1078047	104434	FALSE	TRUE	TRUE	Dvir_ref_GCF_003285735.1_DvirRS2_genomic	29552504.0	5294243.0	781219.0	209530.0	2.643.495.116.352.910	3.957.695.179.461.910	0.6679380286968744
NW_022587570.1	6386710	6434616	47906	TRUE	FALSE	TRUE	Dvir_ref_GCF_003285735.1_DvirRS2_genomic	29552504.0	5294243.0	306605.0	22529.0	10.374.924.574.919.200	425.537.701.990.634	24.380.741.180.831.000
scaffold_12100	32204	84783	52579	TRUE	FALSE	TRUE	Dvir_ref_droVir2	29493321.0	5281579.0	285504.0	32624.0	968.029.337.896.536	6.176.940.645.969.690	15.671.663.261.458.500
scaffold_12958	607108	652908	45800	FALSE	TRUE	TRUE	Dvir_ref_droVir2	29493321.0	5281579.0	135351.0	61612.0	4.589.208.519.447.500	1.166.545.080.552.610	0.393401729256233
scaffold_13049	24354107	24396120	42013	TRUE	FALSE	TRUE	Dvir_ref_droVir2	29493321.0	5281579.0	182038.0	61125.0	617.217.708.375.398	11.573.243.531.905.800	0.533314370058671
scaffold_13049	24531001	24727805	196804	TRUE	FALSE	TRUE	Dvir_ref_droVir2	29493321.0	5281579.0	1847286.0	159325.0	6.263.404.517.924.580	30.166.168.109.953.400	20.763.010.055.154.900
scaffold_13049	24856327	24954710	98383	TRUE	FALSE	TRUE	Dvir_ref_droVir2	29493321.0	5281579.0	267105.0	40116.0	9.056.457.222.976.000	7.595.455.828.645.180	11.923.520.361.767.900
scaffold_13049	25173318	25252170	78852	TRUE	FALSE	TRUE	Dvir_ref_droVir2	29493321.0	5281579.0	572730.0	57664.0	1.941.897.285.829.560	1.091.794.707.605.430	1.778.628.594.095.860
scaffold_13052	1762430	1892518	130088	FALSE	TRUE	TRUE	Dvir_ref_droVir2	29493321.0	5281579.0	1062030.0	271459.0	3.600.916.966.929.560	5.139.731.886.998.180	0.7006040482459184
scaffold_13324	1287508	1367402	79894	TRUE	FALSE	TRUE	Dvir_ref_droVir2	29493321.0	5281579.0	272997.0	26617.0	9.256.231.266.733.230	5.039.591.379.774.870	1.836.702.734.249.600
scaffold_13324	1529301	1593809	64508	TRUE	FALSE	TRUE	Dvir_ref_droVir2	29493321.0	5281579.0	343667.0	29344.0	11.652.366.988.444.600	5.555.914.244.584.810	2.097.290.648.393.610
JAEIGT010000046.1	5503	182009	176506	TRUE	FALSE	TRUE	Dyak_ref_GCA_018904385.1_ASM1890438v1_genomic	32954761.0	27808778.0	1339767.0	358615.0	4.065.473.271.069.990	1.289.574.824.179.610	3.152.568.734.161.130
JAEIGT010000046.1	223300	291023	67723	TRUE	FALSE	TRUE	Dyak_ref_GCA_018904385.1_ASM1890438v1_genomic	32954761.0	27808778.0	344310.0	160813.0	10.447.959.249.347.900	5.782.814.332.941.920	18.067.256.957.967.500
JAEIGT010000046.1	1088009	1163014	75005	TRUE	FALSE	TRUE	Dyak_ref_GCA_018904385.1_ASM1890438v1_genomic	32954761.0	27808778.0	309594.0	102683.0	9.394.515.105.116.370	3.692.467.177.090.620	2.544.237.945.675.790
JAEIGT010000054.1	11	76918	76907	FALSE	TRUE	TRUE	Dyak_ref_GCA_018904385.1_ASM1890438v1_genomic	32954761.0	27808778.0	819346.0	456177.0	24.862.750.483.913.300	1.640.406.493.230.300	15.156.457.004.113.300
JAEIGT010000054.1	138406	245695	107289	FALSE	TRUE	TRUE	Dyak_ref_GCA_018904385.1_ASM1890438v1_genomic	32954761.0	27808778.0	1366119.0	786178.0	4.145.437.437.704.370	2.827.085.749.686.660	1.466.328.864.684.710
JAEIGT010000057.1	1	37515	37514	TRUE	FALSE	TRUE	Dyak_ref_GCA_018904385.1_ASM1890438v1_genomic	32954761.0	27808778.0	178547.0	102935.0	541.794.249.395.406	3.701.529.063.952.390	14.637.038.911.073.400
JAEIGT010000091.1	85955	367719	281764	TRUE	FALSE	TRUE	Dyak_ref_GCA_018904385.1_ASM1890438v1_genomic	32954761.0	27808778.0	4389241.0	770466.0	13.318.989.022.557.300	27.705.856.043.009.100	4.807.282.980.854.870
JAEIGT010000376.1	18753328	18814101	60773	FALSE	TRUE	TRUE	Dyak_ref_GCA_018904385.1_ASM1890438v1_genomic	32954761.0	27808778.0	370244.0	233976.0	112.349.168.607.231	8.413.746.191.939.820	13.353.049.407.986.500
JAEIGT010000380.1	4157	277191	273034	FALSE	TRUE	TRUE	Dyak_ref_GCA_018904385.1_ASM1890438v1_genomic	32954761.0	27808778.0	866065.0	2232273.0	26.280.421.211.369.100	8.027.224.353.403.800	0.3273911386346809
JAEIGT010000380.1	319402	390296	70894	FALSE	TRUE	TRUE	Dyak_ref_GCA_018904385.1_ASM1890438v1_genomic	32954761.0	27808778.0	917086.0	2511256.0	27.828.634.533.262.100	903.044.355.275.158	0.3081646474029809
JAEIGT010000384.1	8500	118468	109968	FALSE	TRUE	TRUE	Dyak_ref_GCA_018904385.1_ASM1890438v1_genomic	32954761.0	27808778.0	155969.0	210970.0	4.732.821.457.876.750	7.586.453.457.250.080	0.6238516435309807
NC_052526.2	21215106	21350305	135199	FALSE	TRUE	TRUE	Dyak_ref_GCF_016746365.2_Prin_Dyak_Tai18E2_2.1_genomic	33000126.0	27824912.0	1047384.0	2856858.0	3.173.878.790.644.610	10.267.266.972.847.900	0.309125963027749
NC_052526.2	21391927	21794524	402597	FALSE	TRUE	TRUE	Dyak_ref_GCF_016746365.2_Prin_Dyak_Tai18E2_2.1_genomic	33000126.0	27824912.0	2053869.0	3119344.0	62.238.216.908.626.300	11.210.615.868.255.000	0.5551721479001482
NC_052526.2	21856200	22235619	379419	FALSE	TRUE	TRUE	Dyak_ref_GCF_016746365.2_Prin_Dyak_Tai18E2_2.1_genomic	33000126.0	27824912.0	5074992.0	1520815.0	15.378.704.917.672.100	5.465.659.693.730.560	2.813.696.018.307.250
NC_052526.2	22337103	22504417	167314	TRUE	FALSE	TRUE	Dyak_ref_GCF_016746365.2_Prin_Dyak_Tai18E2_2.1_genomic	33000126.0	27824912.0	1121307.0	316732.0	3.397.887.026.249.530	1.138.303.689.873.300	2.985.044.374.781.670
NC_052526.2	23421700	23457810	36110	TRUE	FALSE	TRUE	Dyak_ref_GCF_016746365.2_Prin_Dyak_Tai18E2_2.1_genomic	33000126.0	27824912.0	164386.0	52024.0	4.981.374.919.598.790	186.969.144.772.138	2.664.276.464.263.480
NC_052529.2	18809653	18870215	60562	FALSE	TRUE	TRUE	Dyak_ref_GCF_016746365.2_Prin_Dyak_Tai18E2_2.1_genomic	33000126.0	27824912.0	355799.0	235394.0	10.781.746.712.118.600	845.982.909.128.338	12.744.638.923.294.100
NW_025048784.1	278906	389119	110213	TRUE	FALSE	TRUE	Dyak_ref_GCF_016746365.2_Prin_Dyak_Tai18E2_2.1_genomic	33000126.0	27824912.0	1655377.0	306582.0	5.016.274.786.344.750	11.018.255.870.854.100	4.552.694.042.633.340
NW_025048824.1	145783	188815	43032	FALSE	TRUE	TRUE	Dyak_ref_GCF_016746365.2_Prin_Dyak_Tai18E2_2.1_genomic	33000126.0	27824912.0	67014.0	161184.0	20.307.195.190.709.200	5.792.794.600.752.010	0.3505595587330682
utg000001l	4900	178023	173123	TRUE	FALSE	TRUE	Dyak_ref_d15	32856094.0	27667201.0	1343153.0	361008.0	40.879.874.521.907.500	13.048.229.923.944.900	3.132.982.386.131.040
utg000004l	3531333	3592061	60728	TRUE	FALSE	TRUE	Dyak_ref_d15	32856094.0	27667201.0	419163.0	255297.0	1.275.754.202.553.710	9.227.424.198.060.360	13.825.680.657.684.300
utg000006l	4939210	5038804	99594	FALSE	TRUE	TRUE	Dyak_ref_d15	32856094.0	27667201.0	1037114.0	2829979.0	31.565.346.751.199.300	1.022.864.221.068.110	0.3085976232332922
utg000006l	5080130	5496707	416577	FALSE	TRUE	TRUE	Dyak_ref_d15	32856094.0	27667201.0	2241763.0	3407123.0	682.297.475.774.205	1.231.466.457.340.580	0.5540528300280781
utg000036l	163324	206200	42876	FALSE	TRUE	TRUE	Dyak_ref_d15	32856094.0	27667201.0	81118.0	194746.0	2.468.887.506.835.100	7.038.876.104.597.640	0.3507502433836681
utg000064l	759301	816617	57316	FALSE	TRUE	TRUE	Dyak_ref_d15	32856094.0	27667201.0	93952.0	118053.0	2.859.499.975.864.440	42.668.934.960.207.900	0.6701596790571761
utg000068l	37759	525412	487653	FALSE	TRUE	TRUE	Dyak_ref_d15	32856094.0	27667201.0	6725457.0	1800243.0	2.046.943.559.389.620	6.506.776.742.613.030	3.145.864.135.746.560
NC_011091.1	20628029	20766425	138396	FALSE	TRUE	TRUE	Dyak_ref_GCF_000005975.2_dyak_caf1_genomic	32969109.0	27691154.0	966578.0	2629917.0	29.317.686.443.998.200	949.731.816.882.749	0.3086943695350337
NC_011091.1	21245500	21283256	37756	TRUE	FALSE	TRUE	Dyak_ref_GCF_000005975.2_dyak_caf1_genomic	32969109.0	27691154.0	207713.0	98769.0	6.300.230.922.224.800	3.566.806.930.473.170	1.766.350.420.707.800
NT_167063.1	21076210	21138979	62769	FALSE	TRUE	TRUE	Dyak_ref_GCF_000005975.2_dyak_caf1_genomic	32969109.0	27691154.0	149428.0	202111.0	4.532.363.916.780.400	7.298.756.852.097.960	0.6209775183122607
NW_002052907.1	26	165115	165089	TRUE	FALSE	TRUE	Dyak_ref_GCF_000005975.2_dyak_caf1_genomic	32969109.0	27691154.0	2540489.0	428100.0	770.566.471.784.239	15.459.810.739.559.600	4.984.320.214.298.990
NW_002053859.1	12600	156926	144326	TRUE	FALSE	TRUE	Dyak_ref_GCF_000005975.2_dyak_caf1_genomic	32969109.0	27691154.0	1013454.0	180570.0	3.073.950.224.132.530	6.520.854.999.398.000	4.714.029.409.358.610
NW_002053916.1	10426	80223	69797	FALSE	TRUE	TRUE	Dyak_ref_GCF_000005975.2_dyak_caf1_genomic	32969109.0	27691154.0	525163.0	404177.0	1.592.894.124.011.660	14.595.888.636.493.800	1.091.330.691.595.560
NW_002054728.1	4100	47210	43110	FALSE	TRUE	TRUE	Dyak_ref_GCF_000005975.2_dyak_caf1_genomic	32969109.0	27691154.0	630942.0	150490.0	19.137.368.862.470.600	5.434.587.522.065.710	3.521.402.274.739.040
NW_002054835.1	8700	56734	48034	TRUE	FALSE	TRUE	Dyak_ref_GCF_000005975.2_dyak_caf1_genomic	32969109.0	27691154.0	477858.0	167990.0	1.449.411.326.220.550	6.066.558.295.114.750	2.389.182.227.734.840
NW_002054883.1	18	38780	38762	FALSE	TRUE	TRUE	Dyak_ref_GCF_000005975.2_dyak_caf1_genomic	32969109.0	27691154.0	118824.0	302199.0	36.041.010.389.452.700	10.913.196.322.551.200	0.3302516451113127
NW_002054980.1	2430	48927	46497	FALSE	TRUE	TRUE	Dyak_ref_GCF_000005975.2_dyak_caf1_genomic	32969109.0	27691154.0	153251.0	375112.0	4.648.320.947.951.610	13.546.275.463.998.300	0.3431438376035799
chr2R	21076210	21138979	62769	FALSE	TRUE	TRUE	Dyak_ref_droYak2	33714374.0	27709555.0	149431.0	202119.0	4.432.263.817.207.460	7.294.198.697.885.980	0.6076423197097754
chr2h_random	2971392	3135908	164516	TRUE	FALSE	TRUE	Dyak_ref_droYak2	33714374.0	27709555.0	2537542.0	427764.0	7.526.587.917.663.840	15.437.418.608.851.700	4.875.548.243.116.330
chrU	9291318	9334425	43107	FALSE	TRUE	TRUE	Dyak_ref_droYak2	33714374.0	27709555.0	630899.0	150489.0	1.871.305.692.936.780	5.430.942.503.407.210	34.456.370.910.993.500
chrU	9837902	9884319	46417	TRUE	FALSE	TRUE	Dyak_ref_droYak2	33714374.0	27709555.0	471125.0	161640.0	13.974.010.017.211.000	5.833.366.865.689.470	23.955.308.039.004.000
chrU	10076105	10114867	38762	FALSE	TRUE	TRUE	Dyak_ref_droYak2	33714374.0	27709555.0	118814.0	302187.0	3.524.134.839.341.810	10.905.516.165.813.500	0.3231515854691243
chrX	20628029	20766425	138396	FALSE	TRUE	TRUE	Dyak_ref_droYak2	33714374.0	27709555.0	966602.0	2629898.0	28.670.323.227.712.900	9.490.942.745.201.060	0.3020808785534983
chrX	21245500	21283256	37756	TRUE	FALSE	TRUE	Dyak_ref_droYak2	33714374.0	27709555.0	207706.0	98779.0	6.160.755.053.616.000	3.564.799.218.175.820	17.282.193.684.862.200
chrX_random	12600	156926	144326	TRUE	FALSE	TRUE	Dyak_ref_droYak2	33714374.0	27709555.0	1013624.0	180637.0	30.065.039.914.429.300	6.518.942.653.535.930	4.611.950.359.483.800
chrX_random	1723364	1788200	64836	FALSE	TRUE	TRUE	Dyak_ref_droYak2	33714374.0	27709555.0	434455.0	380284.0	12.886.343.373.897.400	13.723.930.247.165.600	0.9389688771231413